importance,features
0.4010293715270245,GSNI_phi
0.33354749650311394,SCI_JOBS-Decrease
0.2654231319698616,Unaffiliated
